cat_idx,a
1,13.09759474104347
2,13.722055539810484
4,2.1164108609763663
3,4.338726095935491
